hardware_id,created_at,Wh,voltage ry,voltage yb,voltage br,Voltage R,Voltage Y,Voltage B,Current R,Current Y,Current B
abcdefgh,2019-06-27T23:16:00.000Z,72350.99986,0,406,404,233,236,233,17.125,16.5,18.75
abcdefgh,2019-06-27T23:15:00.000Z,72328.45597,0,406,404,233,237,234,17,16.5,18.75
abcdefgh,2019-06-27T23:13:00.000Z,72306.34808,0,408,404,234,236,234,17,16.875,18.75
abcdefgh,2019-06-27T23:11:00.000Z,72284.64116,0,406,404,233,236,234,17.125,16.625,18.75
abcdefgh,2019-06-27T23:09:00.000Z,72263.26715,0,406,402,232,235,233,17,16.75,18.375
abcdefgh,2019-06-27T23:07:00.000Z,72242.70596,0,404,402,232,235,233,17,17,18.125
abcdefgh,2019-06-27T23:06:00.000Z,72222.2729,0,404,402,232,235,233,16.875,16.75,18.375
abcdefgh,2019-06-27T23:04:00.000Z,72201.75728,0,406,402,233,235,233,17,16.875,18.5
abcdefgh,2019-06-27T23:02:00.000Z,72181.36565,0,406,402,233,235,233,16.875,16.625,18.375
abcdefgh,2019-06-27T23:00:00.000Z,72160.3505,0,406,402,232,236,233,17,16.625,18.5
abcdefgh,2019-06-27T22:59:00.000Z,72139.81188,0,406,402,233,235,233,17,16.625,18.625
abcdefgh,2019-06-27T22:57:00.000Z,72118.96566,0,406,404,233,236,233,17.125,16.625,18.625
abcdefgh,2019-06-27T22:55:00.000Z,72098.34803,0,406,402,232,236,233,17.125,16.625,18.375
abcdefgh,2019-06-27T22:52:00.000Z,72069.57384,0,404,404,233,235,232,16.875,16.625,18.75
abcdefgh,2019-06-27T22:51:00.000Z,72049.14408,0,406,404,233,235,233,16.875,16.625,18.875
abcdefgh,2019-06-27T22:49:00.000Z,72028.8059,0,406,402,233,235,233,16.75,16.625,18.875
abcdefgh,2019-06-27T22:47:00.000Z,72008.65748,0,406,402,233,235,233,16.875,16.625,18.625
abcdefgh,2019-06-27T22:44:00.000Z,71978.66263,0,406,404,233,235,233,16.875,16.625,18.5
abcdefgh,2019-06-27T22:43:00.000Z,71958.0062,0,406,404,233,236,233,17,16.75,18.75
abcdefgh,2019-06-27T22:41:00.000Z,71937.19548,0,408,404,234,237,234,17,16.625,18.875
abcdefgh,2019-06-27T22:36:00.000Z,71886.37934,0,408,406,234,237,234,17,16.625,18.875
abcdefgh,2019-06-27T22:35:00.000Z,71864.28676,0,410,406,235,238,235,17.125,16.625,18.5
abcdefgh,2019-06-27T22:33:00.000Z,71841.90737,0,410,406,234,238,235,17.25,16.875,18.5
abcdefgh,2019-06-27T22:31:00.000Z,71819.59481,0,410,406,234,238,235,17.125,16.875,18.625
abcdefgh,2019-06-27T22:29:00.000Z,71797.79017,0,408,406,234,237,235,17,16.875,18.25
abcdefgh,2019-06-27T22:27:00.000Z,71775.95497,0,408,406,234,238,235,17,17,18.125
abcdefgh,2019-06-27T22:26:00.000Z,71754.43416,0,410,406,234,237,235,17.125,16.875,18.125
abcdefgh,2019-06-27T22:24:00.000Z,71732.51279,0,410,406,234,237,235,16.875,16.625,19
abcdefgh,2019-06-27T22:22:00.000Z,71711.00446,0,408,406,234,237,235,16.625,16.5,19.125
abcdefgh,2019-06-27T22:20:00.000Z,71688.99403,0,410,406,234,238,235,17,16.625,18.875
abcdefgh,2019-06-27T22:19:00.000Z,71666.91347,0,408,406,234,238,235,17,16.75,18.625
abcdefgh,2019-06-27T22:17:00.000Z,71644.96412,0,410,406,233,238,235,17.25,16.875,18.625
abcdefgh,2019-06-27T22:15:00.000Z,71621.38066,0,410,406,234,238,235,17.25,16.75,18.5
abcdefgh,2019-06-27T22:13:00.000Z,71599.43615,0,410,406,234,238,235,17.125,17,18.375
abcdefgh,2019-06-27T22:11:00.000Z,71575.56595,0,410,408,236,238,235,17,16.75,18.25
abcdefgh,2019-06-27T22:10:00.000Z,71550.42641,0,410,408,235,239,235,17.375,17.125,18
abcdefgh,2019-06-27T22:08:00.000Z,71527.20575,0,412,408,235,239,236,17.375,17,18.75
abcdefgh,2019-06-27T22:06:00.000Z,71503.89421,0,412,408,237,239,236,17.125,16.625,18.75
abcdefgh,2019-06-27T22:04:00.000Z,71484.9384,0,398,396,228,231,229,17,16.5,18.75
abcdefgh,2019-06-27T22:02:00.000Z,71457.53185,0,400,396,228,232,229,17.5,17.125,17.875
abcdefgh,2019-06-27T22:00:00.000Z,71438.76353,0,400,396,228,232,229,17.375,17.25,17.75
abcdefgh,2019-06-27T21:58:00.000Z,71421.54742,0,400,396,228,232,229,17.5,16.875,18.5
abcdefgh,2019-06-27T21:56:00.000Z,71403.22735,0,400,396,229,232,229,17.25,17.25,18.125
abcdefgh,2019-06-27T21:54:00.000Z,71384.40299,0,400,398,229,232,229,17.375,17,18.25
abcdefgh,2019-06-27T21:53:00.000Z,71365.59796,0,400,398,229,233,230,17.375,17.25,17.875
abcdefgh,2019-06-27T21:51:00.000Z,71346.47054,0,400,398,229,233,229,17.25,17,18.25
abcdefgh,2019-06-27T21:49:00.000Z,71326.69432,0,400,398,230,233,230,17.5,17.125,18
abcdefgh,2019-06-27T21:47:00.000Z,71306.84579,0,400,398,229,233,230,17.375,17.25,18.125
abcdefgh,2019-06-27T21:45:00.000Z,71287.4994,0,402,398,230,233,230,17.125,16.875,18
abcdefgh,2019-06-27T21:44:00.000Z,71268.18922,0,400,398,230,233,230,17.25,17,18.125
abcdefgh,2019-06-27T21:42:00.000Z,71247.9546,0,400,398,230,233,230,17.375,17,18.5
abcdefgh,2019-06-27T21:40:00.000Z,71227.8681,0,400,398,230,233,230,17.5,17,18.125
abcdefgh,2019-06-27T21:38:00.000Z,71207.53609,0,402,398,229,233,230,17,17.125,18.5
abcdefgh,2019-06-27T21:36:00.000Z,71186.84842,0,402,398,230,233,230,17.125,16.875,18.5
abcdefgh,2019-06-27T21:35:00.000Z,71166.66473,0,402,398,230,234,231,17.375,16.875,18.5
abcdefgh,2019-06-27T21:33:00.000Z,71145.7927,0,402,398,229,234,231,17.25,16.875,19
abcdefgh,2019-06-27T21:31:00.000Z,71125.63858,0,402,400,230,234,231,17.375,16.75,18.875
abcdefgh,2019-06-27T21:29:00.000Z,71104.32715,0,404,400,231,234,231,17.375,16.875,19
abcdefgh,2019-06-27T21:27:00.000Z,71082.45574,0,404,400,230,234,231,17.5,17.125,18.5
abcdefgh,2019-06-27T21:26:00.000Z,71062.35721,0,404,400,230,234,232,17.125,16.75,18.125
abcdefgh,2019-06-27T21:24:00.000Z,71041.43472,0,402,400,230,234,231,17.125,17,18.75
abcdefgh,2019-06-27T21:22:00.000Z,71011.56362,0,402,398,230,234,231,17.375,16.625,18.375
abcdefgh,2019-06-27T21:20:00.000Z,70992.9172,0,402,402,232,235,231,6.40625,6.1875,7.09375
abcdefgh,2019-06-27T21:18:00.000Z,70973.78696,0,402,400,232,234,232,6.3125,6.21875,7.15625
abcdefgh,2019-06-27T21:17:00.000Z,70955.08483,0,404,402,232,234,232,6.375,6.25,7.09375
abcdefgh,2019-06-27T21:15:00.000Z,70936.27926,0,404,402,232,235,232,6.40625,6.34375,6.875
abcdefgh,2019-06-27T21:13:00.000Z,70917.39865,0,404,402,232,235,232,6.4375,6.25,7
abcdefgh,2019-06-27T21:11:00.000Z,70898.5364,0,404,400,231,235,232,6.40625,6.21875,7.09375
abcdefgh,2019-06-27T21:09:00.000Z,70879.51074,0,404,402,232,235,232,6.375,6.1875,7.15625
abcdefgh,2019-06-27T21:07:00.000Z,70851.88676,0,404,400,231,235,232,6.375,6.15625,7.4375
abcdefgh,2019-06-27T21:05:00.000Z,70832.65962,0,406,402,231,236,232,6.4375,6.28125,7.21875
abcdefgh,2019-06-27T21:04:00.000Z,70823.92019,0,406,402,232,236,232,6.4375,6.3125,7.0625
abcdefgh,2019-06-27T21:02:00.000Z,70804.43768,0,406,402,232,236,233,6.46875,6.3125,6.9375
abcdefgh,2019-06-27T21:01:00.000Z,70784.85569,0,406,404,233,237,233,6.53125,6.4375,6.71875
abcdefgh,2019-06-27T20:59:00.000Z,70765.07971,0,406,404,232,237,234,6.46875,6.34375,7.0625
abcdefgh,2019-06-27T20:57:00.000Z,70745.01684,0,408,404,232,237,234,6.4375,6.34375,7
abcdefgh,2019-06-27T20:55:00.000Z,70724.92357,0,406,404,233,237,234,6.40625,6.25,7.09375
abcdefgh,2019-06-27T20:54:00.000Z,70705.07479,0,406,404,233,236,233,6.40625,6.28125,7.125
abcdefgh,2019-06-27T20:52:00.000Z,70685.38711,0,406,404,233,236,233,6.46875,6.4375,6.84375
abcdefgh,2019-06-27T20:50:00.000Z,70665.6724,0,406,404,233,236,233,6.40625,6.28125,7.0625
abcdefgh,2019-06-27T20:48:00.000Z,70645.85999,0,406,404,234,237,234,6.46875,6.34375,7.0625
abcdefgh,2019-06-27T20:46:00.000Z,70625.84554,0,408,404,233,237,234,6.46875,6.3125,7.0625
abcdefgh,2019-06-27T20:44:00.000Z,70596.70517,0,406,404,233,236,234,6.375,6.28125,7.125
abcdefgh,2019-06-27T20:42:00.000Z,70576.66116,0,406,404,233,236,234,6.40625,6.25,7.1875
abcdefgh,2019-06-27T20:40:00.000Z,70556.43485,0,406,404,234,236,233,6.375,6.21875,7.1875
abcdefgh,2019-06-27T20:38:00.000Z,70537.0708,0,406,404,233,236,233,6.34375,6.15625,7.40625
abcdefgh,2019-06-27T20:37:00.000Z,70517.55564,0,406,404,234,236,233,6.46875,6.21875,7.125
abcdefgh,2019-06-27T20:35:00.000Z,70498.10281,0,406,404,232,236,233,6.40625,6.3125,7.0625
abcdefgh,2019-06-27T20:33:00.000Z,70478.78716,0,406,402,231,236,233,6.5,6.375,6.90625
abcdefgh,2019-06-27T20:31:00.000Z,70459.31586,0,406,402,232,236,233,6.53125,6.34375,6.9375
abcdefgh,2019-06-27T20:29:00.000Z,70431.0616,0,406,404,234,236,233,6.40625,6.21875,7.21875
abcdefgh,2019-06-27T20:27:00.000Z,70411.69967,0,406,402,232,236,233,6.40625,6.28125,7.0625
abcdefgh,2019-06-27T20:25:00.000Z,70392.33924,0,406,402,231,235,233,6.40625,6.34375,6.96875
abcdefgh,2019-06-27T20:23:00.000Z,70373.14866,0,406,404,233,235,233,6.4375,6.3125,7.09375
abcdefgh,2019-06-27T20:21:00.000Z,70353.84854,0,406,402,233,235,233,6.40625,6.21875,7.09375
abcdefgh,2019-06-27T20:20:00.000Z,70334.43733,0,406,402,232,236,233,6.5,6.34375,7.03125
abcdefgh,2019-06-27T20:18:00.000Z,70314.72082,0,406,402,233,236,233,6.4375,6.28125,7.1875
abcdefgh,2019-06-27T20:16:00.000Z,70295.20651,0,406,402,232,236,233,6.375,6.3125,7.125
abcdefgh,2019-06-27T20:14:00.000Z,70275.54025,0,406,402,231,236,233,6.46875,6.375,7.0625
abcdefgh,2019-06-27T20:12:00.000Z,70255.91611,0,406,402,232,236,233,6.5,6.3125,6.9375
abcdefgh,2019-06-27T20:11:00.000Z,70236.23636,0,406,402,232,236,233,6.4375,6.25,7.125
abcdefgh,2019-06-27T20:09:00.000Z,70216.61586,0,406,402,232,236,233,6.4375,6.25,7.1875
abcdefgh,2019-06-27T20:07:00.000Z,70196.99945,0,406,402,233,236,233,6.4375,6.25,7.1875
abcdefgh,2019-06-27T20:05:00.000Z,70177.35247,0,406,404,233,236,233,6.4375,6.1875,7.28125
abcdefgh,2019-06-27T20:04:00.000Z,70157.66519,0,406,404,233,236,233,6.40625,6.28125,7.1875
abcdefgh,2019-06-27T20:02:00.000Z,70138.16458,0,406,404,233,237,233,6.5,6.34375,6.96875
abcdefgh,2019-06-27T20:00:00.000Z,70118.62487,0,406,402,232,236,233,6.34375,6.25,7.21875
abcdefgh,2019-06-27T19:58:00.000Z,70099.50571,0,406,402,230,236,233,6.5,6.25,7.28125
abcdefgh,2019-06-27T19:57:00.000Z,70090.85298,0,406,404,233,236,233,6.46875,6.1875,7.21875
abcdefgh,2019-06-27T19:56:00.000Z,70071.78064,0,406,402,232,236,233,6.5625,6.40625,6.875
abcdefgh,2019-06-27T19:54:00.000Z,70052.64782,0,406,402,232,236,233,6.46875,6.34375,6.96875
abcdefgh,2019-06-27T19:53:00.000Z,70043.9992,0,406,404,233,236,233,6.375,6.25,7.21875
abcdefgh,2019-06-27T19:50:00.000Z,70016.3439,0,406,400,230,236,233,6.40625,6.21875,7.1875
abcdefgh,2019-06-27T19:49:00.000Z,69997.40742,0,406,402,231,235,233,6.40625,6.28125,7.34375
abcdefgh,2019-06-27T19:47:00.000Z,69978.51289,0,404,404,233,235,232,6.40625,6.28125,7.125
abcdefgh,2019-06-27T19:45:00.000Z,69959.68964,0,406,402,231,236,232,6.46875,6.28125,7.15625
abcdefgh,2019-06-27T19:43:00.000Z,69940.91791,0,404,402,231,235,232,6.5625,6.375,6.90625
abcdefgh,2019-06-27T19:41:00.000Z,69922.1097,0,404,402,231,235,233,6.53125,6.4375,6.90625
abcdefgh,2019-06-27T19:40:00.000Z,69903.58667,0,404,400,230,235,232,6.53125,6.375,7
abcdefgh,2019-06-27T19:38:00.000Z,69885.21734,0,404,400,230,235,232,6.53125,6.375,7.09375
abcdefgh,2019-06-27T19:36:00.000Z,69866.61246,0,404,400,230,235,232,6.40625,6.34375,7.0625
abcdefgh,2019-06-27T19:33:00.000Z,69839.8175,0,404,402,233,235,232,6.3125,6.1875,7.25
abcdefgh,2019-06-27T19:32:00.000Z,69820.94528,0,406,404,233,235,233,6.34375,6.21875,7.25
abcdefgh,2019-06-27T19:30:00.000Z,69802.02878,0,404,402,232,236,233,6.4375,6.28125,7.1875
abcdefgh,2019-06-27T19:28:00.000Z,69783.22961,0,406,400,232,235,233,6.40625,6.25,7.15625
abcdefgh,2019-06-27T19:26:00.000Z,69764.51255,0,406,402,231,235,232,6.4375,6.25,7.15625
abcdefgh,2019-06-27T19:24:00.000Z,69745.37572,0,406,402,232,236,233,6.4375,6.3125,7.0625
abcdefgh,2019-06-27T19:23:00.000Z,69726.76321,0,404,402,232,235,232,6.4375,6.28125,7.1875
abcdefgh,2019-06-27T19:21:00.000Z,69707.92363,0,406,402,232,236,233,6.40625,6.25,7.28125
abcdefgh,2019-06-27T19:19:00.000Z,69689.2689,0,406,402,233,236,233,6.46875,6.21875,7.28125
abcdefgh,2019-06-27T19:17:00.000Z,69670.78372,0,406,402,232,236,233,6.5,6.3125,7.0625
abcdefgh,2019-06-27T19:15:00.000Z,69652.3752,0,406,402,232,236,233,6.46875,6.28125,7.125
abcdefgh,2019-06-27T19:14:00.000Z,69633.88968,0,406,402,232,236,232,6.46875,6.34375,6.9375
abcdefgh,2019-06-27T19:12:00.000Z,69615.34456,0,406,402,233,236,233,6.4375,6.34375,6.9375
abcdefgh,2019-06-27T19:10:00.000Z,69597.05048,0,406,402,231,236,233,6.46875,6.375,7
abcdefgh,2019-06-27T19:08:00.000Z,69578.99654,0,406,402,231,236,233,6.40625,6.3125,7.15625
abcdefgh,2019-06-27T19:06:00.000Z,69561.2037,0,406,402,232,236,233,6.4375,6.28125,7.1875
abcdefgh,2019-06-27T19:05:00.000Z,69543.28946,0,406,404,233,236,234,6.40625,6.1875,7.375
abcdefgh,2019-06-27T19:03:00.000Z,69525.36151,0,408,404,233,237,234,6.4375,6.28125,7.25
abcdefgh,2019-06-27T19:02:00.000Z,69516.69322,0,408,404,233,237,234,6.46875,6.25,7.28125
abcdefgh,2019-06-27T19:01:00.000Z,69508.56875,0,408,404,233,237,235,6.40625,6.3125,7.15625
abcdefgh,2019-06-27T18:59:00.000Z,69490.20082,0,410,404,233,238,234,6.46875,6.25,7.125
abcdefgh,2019-06-27T18:58:00.000Z,69471.69392,0,408,404,233,238,235,6.53125,6.375,7.03125
abcdefgh,2019-06-27T18:56:00.000Z,69452.88048,0,410,404,233,238,235,6.5,6.3125,7.0625
abcdefgh,2019-06-27T18:54:00.000Z,69434.27618,0,408,404,233,237,234,6.4375,6.28125,7.21875
abcdefgh,2019-06-27T18:52:00.000Z,69415.88047,0,408,406,234,237,234,6.46875,6.3125,7.15625
abcdefgh,2019-06-27T18:50:00.000Z,69397.40699,0,408,404,232,237,234,6.4375,6.34375,7.09375
abcdefgh,2019-06-27T18:49:00.000Z,69379.3195,0,406,404,232,236,234,6.46875,6.34375,7
abcdefgh,2019-06-27T18:46:00.000Z,69352.98839,0,406,406,234,236,234,6.40625,6.28125,7.15625
abcdefgh,2019-06-27T18:43:00.000Z,69326.7399,0,406,404,233,236,234,6.375,6.28125,7.21875
abcdefgh,2019-06-27T18:42:00.000Z,69308.61407,0,406,404,232,236,233,6.40625,6.1875,7.3125
abcdefgh,2019-06-27T18:40:00.000Z,69290.52258,0,406,404,234,236,234,6.34375,6.25,7.25
abcdefgh,2019-06-27T18:38:00.000Z,69276.65644,0,398,394,227,231,228,6.3125,6.25,6.96875
abcdefgh,2019-06-27T18:36:00.000Z,69262.09818,0,400,398,229,233,230,6.3125,6.21875,7.1875
abcdefgh,2019-06-27T18:34:00.000Z,69247.30687,0,400,396,228,232,230,6.3125,6.1875,7.15625
abcdefgh,2019-06-27T18:32:00.000Z,69226.37412,0,400,396,228,232,229,6.375,6.28125,7.15625
abcdefgh,2019-06-27T18:30:00.000Z,69211.74328,0,400,396,229,232,229,6.375,6.21875,7.0625
abcdefgh,2019-06-27T18:28:00.000Z,69197.06984,0,400,396,228,232,229,6.34375,6.21875,7.03125
abcdefgh,2019-06-27T18:27:00.000Z,69182.55355,0,400,396,229,232,229,6.4375,6.28125,6.90625
abcdefgh,2019-06-27T18:25:00.000Z,69168.17959,0,398,396,228,232,228,6.3125,6.15625,7.09375
abcdefgh,2019-06-27T18:23:00.000Z,69154.02606,0,398,396,228,232,229,6.40625,6.28125,7.03125
abcdefgh,2019-06-27T18:20:00.000Z,69134.30588,0,398,394,228,232,228,6.34375,6.28125,7
abcdefgh,2019-06-27T18:19:00.000Z,69119.16598,0,410,408,235,238,235,6.34375,6.21875,7.09375
abcdefgh,2019-06-27T18:17:00.000Z,69100.26224,0,410,406,234,239,235,6.46875,6.3125,7.25
abcdefgh,2019-06-27T18:15:00.000Z,69081.45162,0,410,406,234,238,235,6.46875,6.28125,7.1875
abcdefgh,2019-06-27T18:13:00.000Z,69062.76541,0,408,404,233,237,234,6.4375,6.28125,7.09375
abcdefgh,2019-06-27T18:11:00.000Z,69044.2816,0,408,404,233,237,234,6.4375,6.3125,7.15625
abcdefgh,2019-06-27T18:10:00.000Z,69025.77155,0,408,406,234,237,234,6.46875,6.34375,7.125
abcdefgh,2019-06-27T18:07:00.000Z,68998.48466,0,408,406,233,238,235,6.40625,6.28125,7.25
abcdefgh,2019-06-27T18:05:00.000Z,68979.93247,0,410,406,234,238,235,6.40625,6.21875,7.34375
abcdefgh,2019-06-27T18:03:00.000Z,68961.31961,0,410,406,235,238,235,6.4375,6.21875,7.28125
abcdefgh,2019-06-27T18:01:00.000Z,68936.6118,0,410,406,234,238,235,6.46875,6.34375,7.1875
abcdefgh,2019-06-27T17:58:00.000Z,68909.7985,0,410,404,232,238,235,6.46875,6.34375,7.3125
abcdefgh,2019-06-27T17:57:00.000Z,68891.41928,0,408,406,234,237,234,6.4375,6.25,7.0625
abcdefgh,2019-06-27T17:55:00.000Z,68873.0565,0,408,406,234,237,234,6.375,6.28125,7.21875
abcdefgh,2019-06-27T17:53:00.000Z,68854.81657,0,408,406,234,237,234,6.4375,6.3125,7.0625
abcdefgh,2019-06-27T17:51:00.000Z,68835.72466,0,408,406,234,237,234,6.375,6.25,7.28125
abcdefgh,2019-06-27T17:48:00.000Z,68809.26354,0,406,404,233,236,234,6.375,6.21875,7.3125
abcdefgh,2019-06-27T17:47:00.000Z,68792.07098,0,406,404,233,235,233,6.3125,6.21875,7.21875
abcdefgh,2019-06-27T17:33:00.000Z,68665.01938,0,404,400,230,235,232,6.4375,6.3125,7.125
abcdefgh,2019-06-27T17:31:00.000Z,68648.89626,0,404,400,231,235,232,6.4375,6.375,7.0625
abcdefgh,2019-06-27T17:29:00.000Z,68632.96289,0,404,400,231,234,231,6.375,6.1875,7.1875
abcdefgh,2019-06-27T17:28:00.000Z,68617.20596,0,402,398,230,234,231,6.46875,6.3125,7.0625
abcdefgh,2019-06-27T17:26:00.000Z,68601.5554,0,402,400,230,234,231,6.375,6.40625,6.9375
abcdefgh,2019-06-27T17:24:00.000Z,68586.03766,0,402,398,229,234,231,6.46875,6.3125,7.03125
abcdefgh,2019-06-27T17:22:00.000Z,68570.06882,0,402,398,230,233,231,6.375,6.25,7.1875
abcdefgh,2019-06-27T17:20:00.000Z,68554.63301,0,402,398,229,233,231,6.28125,6.28125,7.28125
abcdefgh,2019-06-27T17:19:00.000Z,68539.2019,0,402,400,230,233,231,6.40625,6.1875,7.21875
abcdefgh,2019-06-27T17:17:00.000Z,68523.69956,0,402,400,231,234,231,6.34375,6.21875,7.21875
abcdefgh,2019-06-27T17:15:00.000Z,68508.2677,0,402,398,230,233,231,6.375,6.21875,7.21875
abcdefgh,2019-06-27T17:13:00.000Z,68492.88574,0,402,400,230,233,231,6.3125,6.21875,7.21875
abcdefgh,2019-06-27T17:12:00.000Z,68477.50903,0,402,398,230,234,231,6.34375,6.28125,7
abcdefgh,2019-06-27T17:10:00.000Z,68462.13301,0,402,400,231,234,231,6.46875,6.3125,7.03125
abcdefgh,2019-06-27T17:08:00.000Z,68446.80833,0,402,400,230,233,231,6.375,6.28125,7.09375
abcdefgh,2019-06-27T17:06:00.000Z,68431.03308,0,404,400,230,235,232,6.40625,6.3125,7
abcdefgh,2019-06-27T17:04:00.000Z,68415.00318,0,402,400,229,235,232,6.5,6.4375,7.03125
abcdefgh,2019-06-27T17:03:00.000Z,68399.21128,0,404,398,229,234,231,6.5,6.3125,7.03125
abcdefgh,2019-06-27T17:01:00.000Z,68383.62961,0,402,398,229,234,231,6.4375,6.21875,7.125
abcdefgh,2019-06-27T16:59:00.000Z,68368.45336,0,400,398,229,233,230,6.3125,6.1875,7.1875
abcdefgh,2019-06-27T16:56:00.000Z,68347.30892,0,400,398,230,233,230,6.46875,6.28125,7.0625
abcdefgh,2019-06-27T16:55:00.000Z,68332.45405,0,400,398,230,232,230,6.40625,6.34375,7.0625
abcdefgh,2019-06-27T16:53:00.000Z,68317.66368,0,402,398,230,233,230,6.34375,6.1875,7.0625
abcdefgh,2019-06-27T16:51:00.000Z,68302.69819,0,402,398,229,233,230,6.375,6.28125,7.125
abcdefgh,2019-06-27T16:49:00.000Z,68287.95922,0,402,396,228,233,230,6.46875,6.40625,7.03125
abcdefgh,2019-06-27T16:47:00.000Z,68273.06017,0,400,396,228,233,230,6.46875,6.28125,6.96875
abcdefgh,2019-06-27T16:46:00.000Z,68258.36711,0,400,396,229,233,230,6.4375,6.25,7.1875
abcdefgh,2019-06-27T16:44:00.000Z,68243.89998,0,400,396,228,232,229,6.40625,6.21875,7.1875
abcdefgh,2019-06-27T16:42:00.000Z,68229.01487,0,400,396,228,232,229,6.34375,6.28125,7.125
abcdefgh,2019-06-27T16:40:00.000Z,68214.53568,0,400,398,229,233,230,6.4375,6.25,7.25
abcdefgh,2019-06-27T16:38:00.000Z,68199.97169,0,400,396,229,232,230,6.375,6.28125,7.125
abcdefgh,2019-06-27T16:37:00.000Z,68185.58806,0,400,396,228,232,229,6.40625,6.1875,7.3125
abcdefgh,2019-06-27T16:35:00.000Z,68171.00958,0,400,398,229,232,229,6.4375,6.28125,7.1875
abcdefgh,2019-06-27T16:33:00.000Z,68156.49972,0,400,396,228,232,230,6.40625,6.25,7.15625
abcdefgh,2019-06-27T16:31:00.000Z,68141.75861,0,400,398,228,233,230,6.46875,6.4375,6.96875
abcdefgh,2019-06-27T16:29:00.000Z,68127.17747,0,400,396,228,233,230,6.46875,6.28125,7.15625
abcdefgh,2019-06-27T16:28:00.000Z,68112.63882,0,400,396,228,233,230,6.40625,6.28125,7.15625
abcdefgh,2019-06-27T16:26:00.000Z,68098.09868,0,400,396,228,233,230,6.34375,6.3125,7.28125
abcdefgh,2019-06-27T16:24:00.000Z,68083.68061,0,400,396,229,232,230,6.375,6.28125,7.21875
abcdefgh,2019-06-27T16:22:00.000Z,68069.13086,0,400,396,228,232,230,6.375,6.25,7.15625
abcdefgh,2019-06-27T16:20:00.000Z,68054.64662,0,400,396,228,233,230,6.28125,6.21875,7.21875
abcdefgh,2019-06-27T16:19:00.000Z,68039.96606,0,400,398,229,233,230,6.40625,6.25,7.25
abcdefgh,2019-06-27T16:17:00.000Z,68025.33598,0,402,398,230,233,230,6.34375,6.28125,7.15625
abcdefgh,2019-06-27T16:15:00.000Z,68010.77476,0,400,396,229,233,230,6.4375,6.28125,7.125
abcdefgh,2019-06-27T16:13:00.000Z,67996.2606,0,400,396,228,233,230,6.4375,6.3125,7.15625
abcdefgh,2019-06-27T16:10:00.000Z,67969.03614,0,400,396,228,232,230,6.4375,6.40625,7
abcdefgh,2019-06-27T16:08:00.000Z,67954.47553,0,400,396,228,233,230,6.4375,6.28125,7.125
abcdefgh,2019-06-27T16:06:00.000Z,67940.27396,0,400,396,229,232,229,6.375,6.28125,7.1875
abcdefgh,2019-06-27T16:04:00.000Z,67918.61575,0,400,398,230,233,230,6.46875,6.3125,7.15625
abcdefgh,2019-06-27T16:01:00.000Z,67896.4105,0,412,408,236,239,236,6.4375,6.28125,7.1875
abcdefgh,2019-06-27T15:59:00.000Z,67877.19239,0,412,408,235,239,236,6.34375,6.25,7.4375
abcdefgh,2019-06-27T15:57:00.000Z,67858.26036,0,410,406,234,238,235,6.46875,6.3125,7.375
abcdefgh,2019-06-27T15:55:00.000Z,67831.05482,0,410,406,234,238,235,6.4375,6.28125,7.25
abcdefgh,2019-06-27T15:52:00.000Z,67804.08118,0,408,406,234,237,235,6.4375,6.34375,7.28125
abcdefgh,2019-06-27T15:51:00.000Z,67795.85267,0,408,404,232,237,234,6.5625,6.375,7.09375
abcdefgh,2019-06-27T15:50:00.000Z,67777.45123,0,408,404,232,238,234,6.46875,6.3125,7.21875
abcdefgh,2019-06-27T15:48:00.000Z,67758.84442,0,408,404,233,238,234,6.4375,6.28125,7.15625
abcdefgh,2019-06-27T15:46:00.000Z,67740.49571,0,408,404,233,237,234,6.4375,6.28125,7.21875
abcdefgh,2019-06-27T15:44:00.000Z,67722.2457,0,406,404,233,237,234,6.375,6.21875,7.21875
abcdefgh,2019-06-27T15:42:00.000Z,67704.04008,0,406,404,232,236,233,6.375,6.28125,7.21875
abcdefgh,2019-06-27T15:41:00.000Z,67686.10492,0,406,404,233,236,233,6.34375,6.21875,7.25
abcdefgh,2019-06-27T15:39:00.000Z,67668.38448,0,406,404,233,236,233,6.375,6.25,7.15625
abcdefgh,2019-06-27T15:37:00.000Z,67650.4159,0,406,402,231,236,233,6.4375,6.28125,7.0625
abcdefgh,2019-06-27T15:35:00.000Z,67632.34945,0,406,402,231,236,233,6.46875,6.34375,7.125
abcdefgh,2019-06-27T15:33:00.000Z,67614.37237,0,406,404,233,236,233,6.40625,6.25,7.15625
abcdefgh,2019-06-27T15:32:00.000Z,67596.48611,0,406,402,231,236,233,6.40625,6.21875,7.21875
abcdefgh,2019-06-27T15:28:00.000Z,67562.82386,0,408,406,233,237,234,6.5,6.3125,7.09375
abcdefgh,2019-06-27T15:26:00.000Z,67544.71853,0,406,404,233,237,234,6.5,6.34375,7.1875
abcdefgh,2019-06-27T15:24:00.000Z,67521.19234,0,406,404,233,236,234,6.5,6.375,6.90625
abcdefgh,2019-06-27T15:22:00.000Z,67503.6895,0,406,404,232,236,233,6.53125,6.40625,7.0625
abcdefgh,2019-06-27T15:20:00.000Z,67486.27003,0,406,402,232,236,233,6.4375,6.3125,7.125
abcdefgh,2019-06-27T15:19:00.000Z,67468.61592,0,406,404,233,236,233,6.46875,6.21875,7.375
abcdefgh,2019-06-27T15:17:00.000Z,67451.21068,0,406,402,232,236,233,6.40625,6.3125,7.125
abcdefgh,2019-06-27T15:15:00.000Z,67433.53238,0,406,402,231,235,233,6.4375,6.25,7.21875
abcdefgh,2019-06-27T15:13:00.000Z,67415.93002,0,406,402,232,236,233,6.375,6.28125,7.25
abcdefgh,2019-06-27T15:11:00.000Z,67398.80735,0,406,402,231,235,233,6.375,6.34375,7.0625
abcdefgh,2019-06-27T15:10:00.000Z,67381.64695,0,406,402,233,235,233,6.375,6.25,7.21875
abcdefgh,2019-06-27T15:07:00.000Z,67356.43424,0,406,402,232,235,232,6.375,6.28125,7.34375
abcdefgh,2019-06-27T15:05:00.000Z,67339.26692,0,406,404,232,236,233,6.4375,6.25,7.25
abcdefgh,2019-06-27T15:03:00.000Z,67321.78522,0,406,402,232,236,233,6.5,6.21875,7.25
abcdefgh,2019-06-27T15:02:00.000Z,67304.55394,0,406,402,232,236,233,6.4375,6.21875,7.25
abcdefgh,2019-06-27T15:00:00.000Z,67285.34416,0,404,402,231,235,232,6.4375,6.25,7.1875
abcdefgh,2019-06-27T14:57:00.000Z,67261.58197,0,404,400,231,235,232,6.4375,6.25,7.21875
abcdefgh,2019-06-27T14:56:00.000Z,67248.31111,0,404,400,231,235,232,6.40625,6.28125,7.15625
abcdefgh,2019-06-27T14:53:00.000Z,67224.45655,0,404,400,230,234,232,6.4375,6.34375,7.03125
abcdefgh,2019-06-27T14:51:00.000Z,67208.04638,0,404,398,227,234,231,6.4375,6.28125,7.03125
abcdefgh,2019-06-27T14:50:00.000Z,67200.52561,0,402,400,231,234,231,6.34375,6.21875,7.1875
abcdefgh,2019-06-27T14:48:00.000Z,67176.39377,0,402,398,229,233,231,6.46875,6.34375,7.1875
abcdefgh,2019-06-27T14:46:00.000Z,67160.18018,0,402,398,229,233,231,6.46875,6.3125,7.09375
abcdefgh,2019-06-27T14:44:00.000Z,67144.34585,0,402,398,229,233,231,6.4375,6.3125,7.1875
abcdefgh,2019-06-27T14:42:00.000Z,67128.642,0,402,398,229,234,231,6.40625,6.3125,7.09375
abcdefgh,2019-06-27T14:40:00.000Z,67105.8922,0,402,398,230,234,231,6.5,6.3125,6.96875
abcdefgh,2019-06-27T14:38:00.000Z,67090.43927,0,402,398,229,233,231,6.4375,6.28125,7.03125
abcdefgh,2019-06-27T14:36:00.000Z,67075.24441,0,400,398,229,233,231,6.375,6.3125,6.96875
abcdefgh,2019-06-27T14:34:00.000Z,67060.00496,0,400,398,230,233,230,6.5,6.40625,7
abcdefgh,2019-06-27T14:33:00.000Z,67045.1152,0,400,396,229,232,230,6.40625,6.3125,7.03125
abcdefgh,2019-06-27T14:31:00.000Z,67030.30573,0,400,396,228,232,229,6.40625,6.21875,7.1875
abcdefgh,2019-06-27T14:29:00.000Z,67015.05616,0,402,398,229,233,230,6.375,6.1875,7.0625
abcdefgh,2019-06-27T14:27:00.000Z,66999.76537,0,402,398,229,233,230,6.40625,6.28125,7
abcdefgh,2019-06-27T14:25:00.000Z,66984.30418,0,400,398,230,233,230,6.34375,6.25,7.125
abcdefgh,2019-06-27T14:24:00.000Z,66968.67025,0,402,398,229,233,231,6.4375,6.28125,7.125
abcdefgh,2019-06-27T14:22:00.000Z,66952.75998,0,402,398,230,233,231,6.34375,6.375,7.0625
abcdefgh,2019-06-27T14:20:00.000Z,66936.88556,0,402,398,229,233,231,6.34375,6.25,7.28125
abcdefgh,2019-06-27T14:18:00.000Z,66920.54198,0,404,402,232,234,231,6.40625,6.34375,7.03125
abcdefgh,2019-06-27T14:16:00.000Z,66903.9549,0,404,402,232,234,232,6.375,6.34375,7.125
abcdefgh,2019-06-27T14:15:00.000Z,66886.41232,0,406,402,232,236,233,6.34375,6.25,7
abcdefgh,2019-06-27T14:13:00.000Z,66868.6342,0,404,402,231,235,233,6.375,6.28125,7.03125
abcdefgh,2019-06-27T14:11:00.000Z,66850.93781,0,406,402,231,236,233,6.40625,6.28125,7.09375
abcdefgh,2019-06-27T14:09:00.000Z,66832.923,0,406,404,234,236,233,6.34375,6.28125,7.09375
abcdefgh,2019-06-27T14:07:00.000Z,66814.58826,0,406,404,234,237,234,6.4375,6.1875,7.21875
abcdefgh,2019-06-27T14:06:00.000Z,66796.0673,0,408,406,235,237,234,6.40625,6.25,7.125
abcdefgh,2019-06-27T14:04:00.000Z,66777.48162,0,408,404,234,237,234,6.40625,6.3125,7.125
abcdefgh,2019-06-27T14:02:00.000Z,66758.58904,0,410,406,233,237,235,6.40625,6.3125,7.09375
abcdefgh,2019-06-27T14:00:00.000Z,66739.63283,0,408,406,234,238,235,6.46875,6.34375,7.03125
abcdefgh,2019-06-27T13:58:00.000Z,66720.79561,0,408,406,234,237,234,6.46875,6.25,7.09375
abcdefgh,2019-06-27T13:57:00.000Z,66701.79347,0,408,406,235,237,234,6.4375,6.3125,7.0625
abcdefgh,2019-06-27T13:55:00.000Z,66682.81646,0,408,406,234,238,235,6.4375,6.21875,7.28125
abcdefgh,2019-06-27T13:53:00.000Z,66663.91936,0,408,406,234,238,234,6.59375,6.4375,6.84375
abcdefgh,2019-06-27T13:51:00.000Z,66644.79712,0,408,406,234,238,235,6.40625,6.25,7.15625
abcdefgh,2019-06-27T13:49:00.000Z,66625.55713,0,410,406,234,238,235,6.3125,6.25,7.34375
abcdefgh,2019-06-27T13:48:00.000Z,66609.87005,0,400,398,230,232,229,6.25,6.09375,7.15625
abcdefgh,2019-06-27T13:45:00.000Z,66587.12839,0,400,396,228,232,230,6.34375,6.1875,7.125
abcdefgh,2019-06-27T13:43:00.000Z,66571.58915,0,400,398,229,232,230,6.375,6.28125,6.90625
abcdefgh,2019-06-27T13:41:00.000Z,66555.74401,0,400,398,229,232,230,6.3125,6.15625,7.15625
abcdefgh,2019-06-27T13:40:00.000Z,66539.67557,0,402,398,229,233,230,6.46875,6.3125,6.9375
abcdefgh,2019-06-27T13:38:00.000Z,66523.06187,0,402,398,229,234,231,6.375,6.21875,7.15625
abcdefgh,2019-06-27T13:37:00.000Z,66515.77124,0,402,400,231,234,231,6.40625,6.28125,7.15625
abcdefgh,2019-06-27T13:35:00.000Z,66499.12946,0,404,400,232,234,232,6.40625,6.21875,7.03125
abcdefgh,2019-06-27T13:33:00.000Z,66481.85495,0,406,402,231,235,233,6.375,6.25,7.21875
abcdefgh,2019-06-27T13:32:00.000Z,66464.11397,0,406,404,233,236,233,6.375,6.25,7.0625
abcdefgh,2019-06-27T13:30:00.000Z,66446.13736,0,406,404,232,236,234,6.53125,6.375,6.96875
abcdefgh,2019-06-27T13:28:00.000Z,66427.96801,0,408,404,233,237,234,6.5,6.34375,7.03125
abcdefgh,2019-06-27T13:25:00.000Z,66392.72893,0,408,404,234,237,234,6.3125,6.1875,7.25
abcdefgh,2019-06-27T13:23:00.000Z,66373.67124,0,408,406,234,237,234,6.46875,6.28125,7.25
abcdefgh,2019-06-27T13:21:00.000Z,66354.99386,0,408,406,234,237,235,6.4375,6.40625,7.09375
abcdefgh,2019-06-27T13:18:00.000Z,66327.71746,0,408,404,233,237,234,6.53125,6.375,7.09375
abcdefgh,2019-06-27T13:17:00.000Z,66308.79371,0,408,404,233,237,235,6.5,6.28125,7.1875
abcdefgh,2019-06-27T13:15:00.000Z,66289.99662,0,408,404,233,237,234,6.46875,6.34375,7.1875
abcdefgh,2019-06-27T13:13:00.000Z,66271.32794,0,408,406,234,238,235,6.5625,6.40625,7.0625
abcdefgh,2019-06-27T13:11:00.000Z,66252.27686,0,410,406,233,238,235,6.5,6.40625,7.03125
abcdefgh,2019-06-27T13:09:00.000Z,66233.32116,0,410,404,233,238,235,6.53125,6.375,7.1875
abcdefgh,2019-06-27T13:08:00.000Z,66214.39741,0,410,406,235,238,235,6.46875,6.3125,7.09375
abcdefgh,2019-06-27T13:06:00.000Z,66195.71549,0,410,406,234,238,235,6.4375,6.28125,7.25
abcdefgh,2019-06-27T13:04:00.000Z,66176.65843,0,410,406,235,238,235,6.53125,6.34375,7.28125
abcdefgh,2019-06-27T13:02:00.000Z,66157.63822,0,410,406,235,238,235,6.5,6.25,7.28125
abcdefgh,2019-06-27T13:01:00.000Z,66149.20058,0,408,406,234,238,235,6.5,6.4375,6.96875
abcdefgh,2019-06-27T13:00:00.000Z,66130.93805,0,406,404,232,237,234,6.46875,6.34375,7.0625
abcdefgh,2019-06-27T12:58:00.000Z,66110.02465,0,416,412,238,241,239,6.5625,6.46875,7
abcdefgh,2019-06-27T12:56:00.000Z,66088.47875,0,414,410,237,240,238,6.40625,6.28125,7.375
abcdefgh,2019-06-27T12:54:00.000Z,66067.39016,0,412,410,237,240,237,6.46875,6.3125,7.28125
abcdefgh,2019-06-27T12:52:00.000Z,66046.75681,0,412,410,237,239,237,6.5,6.3125,7.3125
abcdefgh,2019-06-27T12:51:00.000Z,66026.4344,0,412,408,236,238,236,6.4375,6.3125,7.25
abcdefgh,2019-06-27T12:49:00.000Z,66005.94967,0,412,410,236,238,236,6.40625,6.375,7.25
abcdefgh,2019-06-27T12:47:00.000Z,65985.0109,0,412,410,236,239,237,6.4375,6.3125,7.15625
abcdefgh,2019-06-27T12:45:00.000Z,65963.86937,0,412,410,237,239,237,6.4375,6.28125,7.3125
abcdefgh,2019-06-27T12:44:00.000Z,65942.74105,0,412,410,236,239,237,6.40625,6.3125,7.21875
abcdefgh,2019-06-27T12:42:00.000Z,65921.48195,0,412,412,237,239,237,6.46875,6.28125,7.34375
abcdefgh,2019-06-27T12:40:00.000Z,65900.04893,0,412,410,237,240,237,6.46875,6.3125,7.28125
abcdefgh,2019-06-27T12:38:00.000Z,65878.86589,0,412,410,236,240,237,6.34375,6.28125,7.3125
abcdefgh,2019-06-27T12:36:00.000Z,65857.92584,0,412,408,236,239,237,6.4375,6.3125,7.25
abcdefgh,2019-06-27T12:35:00.000Z,65835.75649,0,414,408,235,240,237,6.53125,6.375,8.875
abcdefgh,2019-06-27T12:33:00.000Z,65813.19756,0,414,408,237,240,237,6.4375,6.3125,8.875
abcdefgh,2019-06-27T12:31:00.000Z,65790.35106,0,412,410,236,240,237,6.5,6.3125,8.9375
abcdefgh,2019-06-27T12:29:00.000Z,65767.56902,0,412,410,236,240,237,6.5,6.3125,8.9375
abcdefgh,2019-06-27T12:27:00.000Z,65745.01172,0,412,408,236,239,236,6.46875,6.34375,9
abcdefgh,2019-06-27T12:26:00.000Z,65712.25585,0,412,408,235,239,236,19.625,19.625,21.125
abcdefgh,2019-06-27T12:24:00.000Z,65677.70688,0,412,408,236,239,236,20,19.25,21.25
abcdefgh,2019-06-27T12:22:00.000Z,65643.81377,0,410,406,234,238,236,20,19.625,21.125
abcdefgh,2019-06-27T12:20:00.000Z,65612.30789,0,400,396,228,233,230,20.125,19.75,20.5
abcdefgh,2019-06-27T12:18:00.000Z,65589.28471,0,402,398,230,233,231,19.875,19.375,20.625
abcdefgh,2019-06-27T12:17:00.000Z,65566.18213,0,400,398,229,233,230,19.75,19.25,21.375
abcdefgh,2019-06-27T12:15:00.000Z,65541.64213,0,400,396,228,232,230,19.875,19.875,20.625
abcdefgh,2019-06-27T12:13:00.000Z,65518.78402,0,400,396,229,233,230,20,19.625,20.75
abcdefgh,2019-06-27T12:11:00.000Z,65496.85499,0,402,398,230,233,231,19.75,19.375,21.125
abcdefgh,2019-06-27T12:09:00.000Z,65459.20649,0,400,398,229,233,230,19.875,19.75,20.25
abcdefgh,2019-06-27T12:06:00.000Z,65424.37794,0,402,398,230,233,231,19.625,19.125,20.75
abcdefgh,2019-06-27T12:02:00.000Z,65363.43737,0,402,400,231,234,231,19.75,19,20.5
abcdefgh,2019-06-27T12:00:00.000Z,65337.67985,0,402,398,229,233,231,19.875,19.25,21
abcdefgh,2019-06-27T11:57:00.000Z,65300.42292,0,402,398,230,234,231,19.75,18.875,21.875
abcdefgh,2019-06-27T11:55:00.000Z,65275.9941,0,402,398,229,234,231,19.625,19.5,20.875
abcdefgh,2019-06-27T11:54:00.000Z,65251.34408,0,402,398,230,233,231,19.875,19.625,21.125
abcdefgh,2019-06-27T11:52:00.000Z,65228.21242,0,402,400,231,234,231,20,19.375,21.125
abcdefgh,2019-06-27T11:50:00.000Z,65203.783,0,402,400,230,234,231,20.125,19.625,20.75
abcdefgh,2019-06-27T11:48:00.000Z,65179.79053,0,402,398,230,234,231,19.875,19.125,21.125
abcdefgh,2019-06-27T11:46:00.000Z,65154.35462,0,402,398,229,233,231,20.125,19.75,20.5
abcdefgh,2019-06-27T11:45:00.000Z,65131.06597,0,402,398,228,233,231,20.25,19.875,20.875
abcdefgh,2019-06-27T11:43:00.000Z,65107.53658,0,402,398,230,233,231,20,19.375,21
abcdefgh,2019-06-27T11:41:00.000Z,65081.13721,0,402,398,229,233,231,20.125,19.75,20.25
abcdefgh,2019-06-27T11:39:00.000Z,65055.31381,0,402,400,230,234,231,20.125,20,20.125
abcdefgh,2019-06-27T11:38:00.000Z,65029.45736,0,402,398,229,234,231,20,19.25,21
abcdefgh,2019-06-27T11:36:00.000Z,65004.34147,0,404,400,230,235,232,20,19.375,21.375
abcdefgh,2019-06-27T11:34:00.000Z,64978.55982,0,404,400,230,235,232,20.25,19.5,20.75
abcdefgh,2019-06-27T11:32:00.000Z,64952.51598,0,404,400,230,235,232,20.25,19.5,20.75
abcdefgh,2019-06-27T11:30:00.000Z,64926.11086,0,404,400,231,235,232,19.875,19.5,20.75
abcdefgh,2019-06-27T11:29:00.000Z,64898.75645,0,404,402,231,235,232,19.875,19.25,21.125
abcdefgh,2019-06-27T11:27:00.000Z,64872.45066,0,404,400,231,235,232,20.25,19.375,20.625
abcdefgh,2019-06-27T11:25:00.000Z,64846.52254,0,404,402,231,235,232,20.25,19.25,20.75
abcdefgh,2019-06-27T11:23:00.000Z,64821.24184,0,404,400,231,234,231,20.125,19.375,21.125
abcdefgh,2019-06-27T11:21:00.000Z,64794.97188,0,404,400,230,234,232,20.125,19.625,21.125
abcdefgh,2019-06-27T11:20:00.000Z,64769.68956,0,404,402,231,235,231,20.25,20,20.375
abcdefgh,2019-06-27T11:18:00.000Z,64742.9006,0,404,402,232,235,232,20.125,19.25,20.625
abcdefgh,2019-06-27T11:16:00.000Z,64716.62696,0,404,402,232,235,232,20.125,19.125,21.25
abcdefgh,2019-06-27T11:14:00.000Z,64689.8532,0,404,402,232,235,232,19.875,19,21.625
abcdefgh,2019-06-27T11:12:00.000Z,64662.63966,0,404,402,232,235,232,20,18.875,21.375
abcdefgh,2019-06-27T11:11:00.000Z,64633.43138,0,404,402,232,235,232,20,19.25,20.75
abcdefgh,2019-06-27T11:09:00.000Z,64605.52516,0,404,402,232,235,233,20.25,19.75,20.75
abcdefgh,2019-06-27T11:07:00.000Z,64577.80436,0,404,400,230,235,232,20.25,20.25,20.375
abcdefgh,2019-06-27T11:05:00.000Z,64551.57286,0,404,400,231,236,232,20,19.875,20.5
abcdefgh,2019-06-27T11:03:00.000Z,64524.49736,0,404,400,231,235,232,20.125,19.5,20.75
abcdefgh,2019-06-27T11:02:00.000Z,64499.29636,0,404,402,232,235,232,20.25,19.25,21.25
abcdefgh,2019-06-27T11:00:00.000Z,64471.58387,0,404,402,232,235,232,20.25,19.5,20.625
abcdefgh,2019-06-27T10:58:00.000Z,64444.55616,0,404,400,230,235,232,20.25,19.375,21.25
abcdefgh,2019-06-27T10:56:00.000Z,64417.96658,0,404,400,231,235,232,20.25,19.5,21.375
abcdefgh,2019-06-27T10:54:00.000Z,64392.48428,0,404,400,231,235,232,20.125,19.875,20.75
abcdefgh,2019-06-27T10:53:00.000Z,64365.8993,0,404,400,230,235,232,20.25,20.25,20.375
abcdefgh,2019-06-27T10:51:00.000Z,64338.02989,0,406,400,230,235,233,20.375,19.875,20.375
abcdefgh,2019-06-27T10:49:00.000Z,64311.42258,0,404,400,230,235,232,20.375,20,20.75
abcdefgh,2019-06-27T10:47:00.000Z,64284.96899,0,404,400,229,235,232,20.125,19.75,21.125
abcdefgh,2019-06-27T10:46:00.000Z,64257.52538,0,404,400,230,235,232,20.25,20.25,20
abcdefgh,2019-06-27T10:44:00.000Z,64231.57936,0,404,400,231,235,232,20.125,19.625,20.75
abcdefgh,2019-06-27T10:42:00.000Z,64205.77141,0,404,402,231,235,232,20.125,19.375,21.5
abcdefgh,2019-06-27T10:40:00.000Z,64175.83631,0,414,410,235,241,238,20.25,19.125,21.875
abcdefgh,2019-06-27T10:38:00.000Z,64139.62559,0,414,410,237,241,238,20.375,19.625,21.375
abcdefgh,2019-06-27T10:37:00.000Z,64107.28349,0,408,406,234,238,235,20.25,19.625,20.75
abcdefgh,2019-06-27T10:35:00.000Z,64075.69709,0,410,406,234,238,235,20.375,20,20.5
abcdefgh,2019-06-27T10:33:00.000Z,64043.12392,0,410,406,234,239,236,20.25,20,20.5
abcdefgh,2019-06-27T10:31:00.000Z,64011.64486,0,410,406,234,238,235,20.125,19.75,21
abcdefgh,2019-06-27T10:29:00.000Z,63979.8198,0,410,406,234,238,235,20.25,19.5,21.25
abcdefgh,2019-06-27T10:28:00.000Z,63948.25393,0,412,408,235,239,236,20.25,19.5,20.875
abcdefgh,2019-06-27T10:25:00.000Z,63901.19995,0,410,404,233,239,235,20.125,19.375,21.375
abcdefgh,2019-06-27T10:23:00.000Z,63869.96406,0,412,408,234,239,236,20.25,19.625,21.125
abcdefgh,2019-06-27T10:21:00.000Z,63837.50446,0,412,408,234,238,236,20.25,19.625,21.125
abcdefgh,2019-06-27T10:20:00.000Z,63805.72621,0,410,408,235,238,236,19.875,19.5,21.5
abcdefgh,2019-06-27T10:18:00.000Z,63772.14379,0,410,406,234,239,236,20.375,19.375,21.75
abcdefgh,2019-06-27T10:16:00.000Z,63739.28203,0,410,406,235,239,236,20.125,19.375,21.625
abcdefgh,2019-06-27T10:14:00.000Z,63705.60349,0,410,408,236,238,236,20,19.5,21.375
abcdefgh,2019-06-27T10:12:00.000Z,63671.60719,0,412,408,235,239,236,20,19.5,21.25
abcdefgh,2019-06-27T10:11:00.000Z,63641.7493,0,402,398,229,233,230,20.125,19.5,20.625
abcdefgh,2019-06-27T10:09:00.000Z,63617.8041,0,402,398,228,233,230,20.25,19.625,20.875
abcdefgh,2019-06-27T10:07:00.000Z,63593.46641,0,402,398,228,233,230,20.25,20.125,20.625
abcdefgh,2019-06-27T10:05:00.000Z,63568.4017,0,402,398,230,234,231,20.125,20,20
abcdefgh,2019-06-27T10:04:00.000Z,63543.71368,0,404,400,230,234,231,20.125,19.75,21.25
abcdefgh,2019-06-27T10:02:00.000Z,63517.70909,0,404,400,231,235,232,20.5,19.875,21.125
abcdefgh,2019-06-27T10:00:00.000Z,63491.33746,0,404,400,229,235,232,20.125,19.875,20.625
abcdefgh,2019-06-27T09:58:00.000Z,63465.2425,0,404,400,229,235,232,20.125,19.875,20.5
abcdefgh,2019-06-27T09:56:00.000Z,63439.11959,0,404,402,232,235,232,20.125,20,20.75
abcdefgh,2019-06-27T09:55:00.000Z,63412.83805,0,404,402,231,235,232,20.125,19.375,21
abcdefgh,2019-06-27T09:53:00.000Z,63386.02891,0,404,400,229,235,232,20.375,19.625,21.125
abcdefgh,2019-06-27T09:51:00.000Z,63358.403,0,404,400,231,235,232,20,19.625,21.25
abcdefgh,2019-06-27T09:49:00.000Z,63331.91639,0,404,402,231,235,232,20.25,20,20.625
abcdefgh,2019-06-27T09:47:00.000Z,63304.90098,0,404,400,231,235,232,20.25,19.875,21.25
abcdefgh,2019-06-27T09:46:00.000Z,63278.29525,0,404,400,230,235,232,20.375,19.75,20.875
abcdefgh,2019-06-27T09:43:00.000Z,63237.44753,0,406,402,232,235,233,20.25,19.625,20.625
abcdefgh,2019-06-27T09:41:00.000Z,63209.13248,0,406,404,232,236,233,20.125,19.5,21.25
abcdefgh,2019-06-27T09:39:00.000Z,63179.20236,0,406,402,232,236,233,20.125,19.75,20.5
abcdefgh,2019-06-27T09:38:00.000Z,63150.87109,0,406,402,231,236,233,20.375,20,20.375
abcdefgh,2019-06-27T09:36:00.000Z,63123.9879,0,406,402,232,235,233,20.375,19.625,20.625
abcdefgh,2019-06-27T09:34:00.000Z,63096.40794,0,406,402,232,236,233,20.375,19.75,21
abcdefgh,2019-06-27T09:32:00.000Z,63067.1535,0,406,404,232,236,233,20.375,19.875,20.625
abcdefgh,2019-06-27T09:30:00.000Z,63038.12371,0,406,404,233,236,233,20.25,19.75,21.25
abcdefgh,2019-06-27T09:28:00.000Z,63010.4629,0,408,402,232,236,234,20.25,20,21.125
abcdefgh,2019-06-27T09:27:00.000Z,62982.40392,0,408,404,233,237,234,20.25,20,20.75
abcdefgh,2019-06-27T09:25:00.000Z,62953.97698,0,408,402,232,237,234,20.125,19.875,20.75
abcdefgh,2019-06-27T09:23:00.000Z,62923.46946,0,408,402,231,237,234,20.5,20.125,20.5
abcdefgh,2019-06-27T09:21:00.000Z,62892.84,0,408,404,233,238,235,20.375,19.875,20.375
abcdefgh,2019-06-27T09:20:00.000Z,62861.94787,0,410,406,234,237,235,20.375,19.75,20.75
abcdefgh,2019-06-27T09:18:00.000Z,62828.62001,0,410,404,232,238,235,20.25,19.625,21.125
abcdefgh,2019-06-27T09:16:00.000Z,62795.00725,0,410,404,231,238,235,20.625,20.5,20.5
abcdefgh,2019-06-27T09:14:00.000Z,62762.89176,0,410,406,233,238,235,20.25,19.875,21
abcdefgh,2019-06-27T09:12:00.000Z,62729.75222,0,410,406,234,239,236,20.25,19.375,21.5
abcdefgh,2019-06-27T09:11:00.000Z,62695.25743,0,410,408,235,238,236,20.25,19.625,21
abcdefgh,2019-06-27T09:09:00.000Z,62660.67631,0,412,408,235,238,236,19.75,19.5,20.875
abcdefgh,2019-06-27T09:07:00.000Z,62631.36638,0,400,398,228,233,230,20.25,19.5,20.5
abcdefgh,2019-06-27T09:05:00.000Z,62604.0482,0,402,398,229,234,230,20.375,20,20.25
abcdefgh,2019-06-27T09:03:00.000Z,62565.3199,0,402,400,229,234,231,20,19.125,20.625
abcdefgh,2019-06-27T09:01:00.000Z,62538.778,0,402,398,229,234,231,20,19.375,20.75
abcdefgh,2019-06-27T08:59:00.000Z,62511.33413,0,402,398,228,234,231,20.125,19.5,21.5
abcdefgh,2019-06-27T08:57:00.000Z,62483.80711,0,402,398,229,234,231,20.25,19.25,20.75
abcdefgh,2019-06-27T08:55:00.000Z,62454.79236,0,402,398,229,234,231,20.375,19.625,21
abcdefgh,2019-06-27T08:54:00.000Z,62428.04813,0,402,398,230,234,231,20.375,19.625,21.625
abcdefgh,2019-06-27T08:52:00.000Z,62400.68429,0,402,400,230,234,231,20.25,19.125,21.5
abcdefgh,2019-06-27T08:50:00.000Z,62371.33876,0,404,400,230,235,232,20.375,19.625,21.125
abcdefgh,2019-06-27T08:48:00.000Z,62343.95197,0,404,400,230,235,232,20.625,20.5,20.125
abcdefgh,2019-06-27T08:46:00.000Z,62317.21504,0,404,400,230,235,232,20.25,19.75,21
abcdefgh,2019-06-27T08:45:00.000Z,62289.96295,0,404,402,230,235,232,20.375,19.625,20.5
abcdefgh,2019-06-27T08:43:00.000Z,62261.59571,0,404,400,231,235,232,20.625,20.375,20
abcdefgh,2019-06-27T08:41:00.000Z,62234.21486,0,406,400,230,235,232,20.375,19.625,20.875
abcdefgh,2019-06-27T08:39:00.000Z,62205.57468,0,404,402,231,235,232,20.625,20.625,19.875
abcdefgh,2019-06-27T08:38:00.000Z,62176.36675,0,406,400,230,236,232,20.375,20.25,20
abcdefgh,2019-06-27T08:36:00.000Z,62147.4637,0,406,402,230,235,233,20.25,19.75,20.25
abcdefgh,2019-06-27T08:34:00.000Z,62118.42624,0,406,402,231,236,232,20.5,20,19.875
abcdefgh,2019-06-27T08:31:00.000Z,62077.29755,0,404,402,232,236,233,20.125,19.625,20.75
abcdefgh,2019-06-27T08:30:00.000Z,62046.22828,0,404,402,232,236,233,20.375,20,20.625
abcdefgh,2019-06-27T08:28:00.000Z,62016.90088,0,406,402,232,236,233,20.75,20.125,20.75
abcdefgh,2019-06-27T08:26:00.000Z,61988.64199,0,406,402,231,236,232,20.625,20.25,20.125
abcdefgh,2019-06-27T08:24:00.000Z,61960.27956,0,406,400,231,235,232,20.5,19.875,20.5
abcdefgh,2019-06-27T08:22:00.000Z,61931.91588,0,406,400,230,236,232,20.625,20,20.75
abcdefgh,2019-06-27T08:21:00.000Z,61904.21143,0,406,402,232,236,232,20.5,19.5,21.125
abcdefgh,2019-06-27T08:19:00.000Z,61874.71772,0,406,404,233,236,233,20.375,19.625,20.75
abcdefgh,2019-06-27T08:17:00.000Z,61844.83174,0,406,402,232,236,233,20.25,19.5,20.25
abcdefgh,2019-06-27T08:15:00.000Z,61816.00807,0,406,402,232,236,233,20.75,19.75,20.875
abcdefgh,2019-06-27T08:13:00.000Z,61786.45258,0,406,402,232,236,233,20.5,20,20.5
abcdefgh,2019-06-27T08:12:00.000Z,61758.58295,0,406,402,231,236,233,20.5,20,20.875
abcdefgh,2019-06-27T08:10:00.000Z,61729.94507,0,406,402,231,236,233,20.5,19.5,22
abcdefgh,2019-06-27T08:08:00.000Z,61700.03045,0,408,404,233,237,233,20.75,19.625,21.375
abcdefgh,2019-06-27T08:06:00.000Z,61669.80984,0,406,402,232,236,233,20.5,20,21.125
abcdefgh,2019-06-27T08:05:00.000Z,61641.25012,0,406,404,232,237,234,20.5,20,21.125
abcdefgh,2019-06-27T08:03:00.000Z,61611.50788,0,408,404,233,237,234,20.625,19.625,20.875
abcdefgh,2019-06-27T08:01:00.000Z,61582.81925,0,406,402,233,236,233,20.5,19.75,20.875
abcdefgh,2019-06-27T07:59:00.000Z,61554.61273,0,406,402,231,236,233,20.625,19.75,20.625
abcdefgh,2019-06-27T07:57:00.000Z,61525.88873,0,406,402,231,236,233,20.375,19.875,21.375
abcdefgh,2019-06-27T07:56:00.000Z,61497.3735,0,406,402,231,236,233,20.625,19.75,21.625
abcdefgh,2019-06-27T07:54:00.000Z,61469.83676,0,406,402,232,236,233,20.25,19.5,21.5
abcdefgh,2019-06-27T07:52:00.000Z,61440.92476,0,406,402,232,236,233,20.25,19.625,21.25
abcdefgh,2019-06-27T07:50:00.000Z,61411.37782,0,406,402,232,235,233,20.25,19.5,21.625
abcdefgh,2019-06-27T07:48:00.000Z,61383.80953,0,404,402,232,235,233,20.375,19.75,21.25
abcdefgh,2019-06-27T07:47:00.000Z,61355.98961,0,406,402,233,235,233,20.5,19.625,21
abcdefgh,2019-06-27T07:45:00.000Z,61327.58304,0,406,404,233,235,233,20.375,19.375,21.375
abcdefgh,2019-06-27T07:43:00.000Z,61299.22705,0,406,404,233,236,233,20.25,19.25,21.625
abcdefgh,2019-06-27T07:41:00.000Z,61269.63223,0,404,400,231,235,233,20.25,19.75,21.5
abcdefgh,2019-06-27T07:40:00.000Z,61252.60469,0,406,402,232,236,233,6.5,6.40625,6.0625
abcdefgh,2019-06-27T07:38:00.000Z,61235.6772,0,406,404,232,236,233,6.5625,6.3125,5.9375
abcdefgh,2019-06-27T07:36:00.000Z,61218.83808,0,406,404,232,236,233,6.53125,6.40625,6.03125
abcdefgh,2019-06-27T07:34:00.000Z,61201.80394,0,406,404,232,236,234,6.5,6.375,6.0625
abcdefgh,2019-06-27T07:32:00.000Z,61184.82342,0,408,404,233,236,234,6.5,6.3125,6.0625
abcdefgh,2019-06-27T07:31:00.000Z,61167.31314,0,408,404,233,237,234,6.5,6.375,5.90625
abcdefgh,2019-06-27T07:29:00.000Z,61149.63994,0,408,404,234,237,234,6.5,6.3125,6.09375
abcdefgh,2019-06-27T07:27:00.000Z,61132.00312,0,408,404,234,237,234,6.40625,6.34375,6.09375
abcdefgh,2019-06-27T07:25:00.000Z,61114.39885,0,408,404,233,237,234,6.53125,6.34375,5.96875
abcdefgh,2019-06-27T07:23:00.000Z,61096.81373,0,408,404,233,237,234,6.5,6.375,6.03125
abcdefgh,2019-06-27T07:22:00.000Z,61079.36575,0,408,404,233,237,234,6.5,6.3125,6.21875
abcdefgh,2019-06-27T07:20:00.000Z,61061.86808,0,408,404,233,237,234,6.53125,6.4375,5.9375
abcdefgh,2019-06-27T07:18:00.000Z,61044.5033,0,408,404,232,237,233,6.5,6.34375,6.03125
abcdefgh,2019-06-27T07:16:00.000Z,61026.94747,0,408,404,232,237,234,6.5,6.375,5.96875
abcdefgh,2019-06-27T07:14:00.000Z,61009.36087,0,408,404,232,237,234,6.53125,6.34375,5.96875
abcdefgh,2019-06-27T07:13:00.000Z,60991.71613,0,408,404,232,237,234,6.53125,6.34375,6.03125
abcdefgh,2019-06-27T07:11:00.000Z,60974.07797,0,408,404,233,237,234,6.5,6.28125,6.1875
abcdefgh,2019-06-27T07:09:00.000Z,60956.36924,0,408,404,233,237,234,6.59375,6.3125,6.125
abcdefgh,2019-06-27T07:07:00.000Z,60938.66927,0,408,404,233,237,234,6.53125,6.3125,6.03125
abcdefgh,2019-06-27T07:06:00.000Z,60920.84021,0,408,406,234,237,234,6.5,6.28125,6.1875
abcdefgh,2019-06-27T07:04:00.000Z,60903.8809,0,414,410,236,240,238,6.4375,6.28125,6.21875
abcdefgh,2019-06-27T07:02:00.000Z,60883.96645,0,414,410,237,239,237,6.4375,6.28125,6.1875
abcdefgh,2019-06-27T07:00:00.000Z,60864.15355,0,412,410,236,240,237,6.53125,6.375,6.0625
abcdefgh,2019-06-27T06:59:00.000Z,60855.26245,0,412,410,236,240,237,6.53125,6.3125,6.09375
abcdefgh,2019-06-27T06:58:00.000Z,60835.56761,0,412,410,237,240,237,6.5625,6.375,6.0625
abcdefgh,2019-06-27T06:56:00.000Z,60816.18918,0,412,410,236,239,237,6.40625,6.3125,6.21875
abcdefgh,2019-06-27T06:54:00.000Z,60796.73052,0,412,410,237,239,236,6.46875,6.3125,6.1875
abcdefgh,2019-06-27T06:52:00.000Z,60777.33546,0,412,410,236,239,237,6.4375,6.34375,6.125
abcdefgh,2019-06-27T06:50:00.000Z,60757.918,0,412,408,235,239,237,6.53125,6.3125,6.25
abcdefgh,2019-06-27T06:49:00.000Z,60738.53534,0,412,408,236,239,236,6.53125,6.40625,6.15625
abcdefgh,2019-06-27T06:47:00.000Z,60719.1523,0,412,408,236,239,236,6.40625,6.3125,6.0625
abcdefgh,2019-06-27T06:45:00.000Z,60699.60948,0,412,408,236,239,236,6.46875,6.3125,6.1875
abcdefgh,2019-06-27T06:43:00.000Z,60680.29958,0,412,410,236,238,236,6.5,6.3125,6.09375
abcdefgh,2019-06-27T06:41:00.000Z,60661.03699,0,412,408,236,239,236,6.5,6.3125,6.1875
abcdefgh,2019-06-27T06:40:00.000Z,60642.01982,0,412,408,236,239,236,6.40625,6.3125,6.15625
abcdefgh,2019-06-27T06:38:00.000Z,60622.70149,0,412,408,236,239,236,6.53125,6.3125,6
abcdefgh,2019-06-27T06:36:00.000Z,60603.24876,0,412,408,236,239,236,6.46875,6.28125,6.1875
abcdefgh,2019-06-27T06:34:00.000Z,60583.9221,0,412,410,236,239,236,6.46875,6.3125,6.15625
abcdefgh,2019-06-27T06:32:00.000Z,60564.55103,0,412,410,236,239,237,6.40625,6.28125,6.1875
abcdefgh,2019-06-27T06:31:00.000Z,60545.48238,0,412,408,235,239,236,6.5,6.34375,6.125
abcdefgh,2019-06-27T06:29:00.000Z,60526.26733,0,412,408,236,239,236,6.53125,6.34375,6.125
abcdefgh,2019-06-27T06:27:00.000Z,60507.15894,0,412,408,235,239,236,6.4375,6.28125,6.1875
abcdefgh,2019-06-27T06:25:00.000Z,60488.00044,0,410,408,236,239,236,6.5,6.28125,6.21875
abcdefgh,2019-06-27T06:24:00.000Z,60469.13726,0,412,408,236,238,236,6.46875,6.28125,6.25
abcdefgh,2019-06-27T06:22:00.000Z,60450.08474,0,412,408,236,239,236,6.4375,6.34375,6.1875
abcdefgh,2019-06-27T06:19:00.000Z,60422.87614,0,410,408,235,239,236,6.5,6.3125,6.3125
abcdefgh,2019-06-27T06:17:00.000Z,60403.62036,0,410,408,236,238,236,6.4375,6.3125,6.21875
abcdefgh,2019-06-27T06:16:00.000Z,60384.37968,0,410,408,235,238,236,6.375,6.28125,6.28125
abcdefgh,2019-06-27T06:14:00.000Z,60365.59147,0,408,404,233,236,234,6.4375,6.34375,6.15625
abcdefgh,2019-06-27T06:12:00.000Z,60347.44068,0,408,406,234,236,234,6.4375,6.34375,6.15625
abcdefgh,2019-06-27T06:10:00.000Z,60329.24266,0,408,406,234,237,234,6.40625,6.3125,6.1875
abcdefgh,2019-06-27T06:08:00.000Z,60310.77156,0,408,406,234,236,234,6.40625,6.3125,6.1875
abcdefgh,2019-06-27T06:07:00.000Z,60292.70347,0,408,406,234,236,234,6.4375,6.3125,6.1875
abcdefgh,2019-06-27T06:05:00.000Z,60274.85274,0,408,406,234,237,234,6.40625,6.3125,6.21875
abcdefgh,2019-06-27T06:03:00.000Z,60257.05506,0,408,406,234,236,234,6.40625,6.3125,6.25
abcdefgh,2019-06-27T06:01:00.000Z,60239.28575,0,408,406,234,237,235,6.46875,6.34375,6.1875
abcdefgh,2019-06-27T05:59:00.000Z,60221.53819,0,408,406,234,237,234,6.4375,6.34375,6.21875
abcdefgh,2019-06-27T05:58:00.000Z,60203.87572,0,408,406,234,236,234,6.5,6.3125,6.21875
abcdefgh,2019-06-27T05:56:00.000Z,60186.29682,0,406,404,234,236,234,6.4375,6.3125,6.1875
abcdefgh,2019-06-27T05:54:00.000Z,60168.81733,0,406,404,233,236,233,6.46875,6.3125,6.15625
abcdefgh,2019-06-27T05:52:00.000Z,60151.4262,0,406,404,233,236,233,6.4375,6.375,6.15625
abcdefgh,2019-06-27T05:51:00.000Z,60134.01254,0,406,404,233,236,233,6.4375,6.375,6.09375
abcdefgh,2019-06-27T05:49:00.000Z,60116.70581,0,406,404,232,236,233,6.46875,6.34375,6.21875
abcdefgh,2019-06-27T05:47:00.000Z,60099.5185,0,406,404,233,236,233,6.46875,6.34375,6.1875
abcdefgh,2019-06-27T05:45:00.000Z,60082.22453,0,406,404,232,235,233,6.46875,6.34375,6.1875
abcdefgh,2019-06-27T05:43:00.000Z,60065.04656,0,404,402,232,235,233,6.40625,6.3125,6.21875
abcdefgh,2019-06-27T05:42:00.000Z,60047.82732,0,404,402,232,235,233,6.40625,6.28125,6.21875
abcdefgh,2019-06-27T05:40:00.000Z,60030.65063,0,404,402,232,235,232,6.4375,6.3125,6.1875
abcdefgh,2019-06-27T05:38:00.000Z,60013.47186,0,404,402,232,235,233,6.4375,6.34375,6.1875
abcdefgh,2019-06-27T05:36:00.000Z,59996.26237,0,404,402,232,235,233,6.4375,6.34375,6.21875
abcdefgh,2019-06-27T05:34:00.000Z,59979.11338,0,404,402,233,235,233,6.46875,6.375,6.25
abcdefgh,2019-06-27T05:33:00.000Z,59962.03633,0,404,402,233,235,233,6.4375,6.375,6.21875
abcdefgh,2019-06-27T05:31:00.000Z,59945.00803,0,404,402,232,235,233,6.46875,6.375,6.21875